ASIN,Title,URL,Price
B07MHJFRBJ,"Bounty Quick Size Paper Towels, White, 8 Family Rolls = 20 Regular Rolls",https://www.amazon.com/dp/B07MHJFRBJ,$24.42
B09BWFX1L6,"Amazon Basics 2-Ply Paper Towels, Flex-Sheets, 150 Sheets per Roll, 12 Rolls (2 Packs of 6), White",https://www.amazon.com/dp/B09BWFX1L6,$19.26
B074CR89QG,"Amazon Brand - Presto! Flex-a-Size Paper Towels, 158 Sheet Huge Roll, 12 Rolls (2 Packs of 6), Equivalent to 38 Regular Rolls, White",https://www.amazon.com/dp/B074CR89QG,$28.28
B079VP6DH6,"Bounty Quick-Size Paper Towels, White, 12 Family Rolls = 30 Regular Rolls",https://www.amazon.com/dp/B079VP6DH6,$35.49
B093X8QQ12,"Amazon Basics Tall Kitchen Drawstring Trash Bags, 13 Gallon, 120 Count",https://www.amazon.com/dp/B093X8QQ12,$18.37
B0748J34WZ,"Dixie Medium Paper Plates, 8.5 Inch, 90 Count, 2X Stronger*, Microwave-Safe, Soak-Proof, Cut Resistant, Great For Everyday Breakfast, Lunch, & Dinner Meals",https://www.amazon.com/dp/B0748J34WZ,$5.99
B09NW83XJ2,"SPARKLE¬Æ PICK-A-SIZE¬Æ PAPER TOWELS, 6 DOUBLE ROLLS",https://www.amazon.com/dp/B09NW83XJ2,$7.12
B00FQT4LX2,"Glad ForceFlex Tall Kitchen Drawstring Trash Bags, 13 Gal, Fresh Clean, 110 Ct, Pack May Vary",https://www.amazon.com/dp/B00FQT4LX2,$22.99
B001EYHAGS,"BISSELL SteamShot Deluxe Hard Surface Steam Cleaner with Natural Sanitization, Multi-Surface Tools Included to Remove Dirt, Grime, Grease, and More, 39N7A",https://www.amazon.com/dp/B001EYHAGS,$41.03
B00R1CSN5E,"Bounty Paper Napkins, White, 1 Pack, 200 Sheets per Pack",https://www.amazon.com/dp/B00R1CSN5E,$3.48
B001B0V5GG,"Folex Carpet Spot Remover, 32 oz",https://www.amazon.com/dp/B001B0V5GG,$6.65
B0113UZJE2,"Etekcity Food Scale, Digital Kitchen Scale, 304 Stainless Steel, Weight in Grams and Ounces for Baking, Cooking, and Meal Prep, LCD Display, Medium",https://www.amazon.com/dp/B0113UZJE2,$9.99
B01BZ0LXL8,"Hefty Ultra Strong Tall Kitchen Trash Bags, Lavender & Sweet Vanilla Scent, 13 Gallon, 80 Count",https://www.amazon.com/dp/B01BZ0LXL8,$14.96
B09RSC2JT3,"Dixie Large Paper Plates, 10 Inch, 204 Count, 2X Stronger*, Microwave-Safe, Soak-Proof, Cut Resistant, Great For Everyday Breakfast, Lunch, & Dinner Meals",https://www.amazon.com/dp/B09RSC2JT3,$26.30
B00WSWGVZQ,"O-Cedar EasyWring Microfiber Spin Mop, Bucket Floor Cleaning System, Red, Gray",https://www.amazon.com/dp/B00WSWGVZQ,$34.97
B09D8T11YS,"Zulay Kitchen Powerful Milk Frother Handheld Foam Maker for Lattes - Whisk Drink Mixer for Coffee, Mini Foamer for Cappuccino, Frappe, Matcha, Hot Chocolate & Coffee Creamer by Milk Boss (Black)",https://www.amazon.com/dp/B09D8T11YS,$9.99
B0043P0IAK,"Scotch-Brite Zero Scratch Non-Scratch Scrub Sponges, Sponges for Cleaning Kitchen, Bathroom, and Household, non-scratch Sponges Safe for Non-Stick Cookware, 6 Scrubbing Sponges",https://www.amazon.com/dp/B0043P0IAK,$5.79
B0C2CY22B8,"Amazon Basics Everyday Paper Plates, 8 5/8 Inch, Disposable, 100 Count",https://www.amazon.com/dp/B0C2CY22B8,$6.23
B00S93EQUK,"Alpha Grillers Instant Read Meat Thermometer for Grill and Cooking. Best Waterproof Ultra Fast Thermometer with Backlight & Calibration. Digital Food Probe for Kitchen, Outdoor Grilling and BBQ!",https://www.amazon.com/dp/B00S93EQUK,$15.99
B06X9NQ8GX,"Amazon Basics Digital Kitchen Scale with LCD Display, Batteries Included, Weighs up to 11 pounds, Black and Stainless Steel",https://www.amazon.com/dp/B06X9NQ8GX,$12.59
B076DJQDLZ,"Swiffer Feather Dusters Multi-Surface Duster Refills, Bamboo, White, 18 count",https://www.amazon.com/dp/B076DJQDLZ,$14.44
B0BLSCY6PR,"Shower Caddy 5 Pack,Adhesive Shower Organizer for Bathroom Storage&Home Decor&Kitchen,No Drilling,Large Capacity,Rustproof Stainless Steel Bathroom Organizer,Shower Shelves for Inside Shower",https://www.amazon.com/dp/B0BLSCY6PR,$25.99
B001F0RBT2,"Swiffer WetJet Hardwood Floor Cleaner Spray Mop Pad Refill, Multi Surface, 24 Count",https://www.amazon.com/dp/B001F0RBT2,$14.44
B0932M1666,"Tenmiro Led Lights for Bedroom 100ft (2 Rolls of 50ft) Music Sync Color Changing Strip Lights with Remote and App Control RGB Strip, for Room Home Party Decoration",https://www.amazon.com/dp/B0932M1666,$9.99
B00N9N6GOY,"Aroma Housewares Aroma 6-cup (cooked) 1.5 Qt. One Touch Rice Cooker, White (ARC-363NG), 6 cup cooked/ 3 cup uncook/ 1.5 Qt.",https://www.amazon.com/dp/B00N9N6GOY,$19.68
B00MRH9NCK,"Utopia Bedding Waterproof Mattress Protector Twin Size, Premium Terry Mattress Cover 200 GSM, Breathable, Fitted Style with Stretchable Pockets (White)",https://www.amazon.com/dp/B00MRH9NCK,$12.99
B085ZV98JM,"90L Large Storage Bags, 6 Pack Clothes Storage Bins Foldable Closet Organizers Storage Containers with Durable Handle for Clothing, Blanket, Comforters, Bed Sheets, Pillows and Toys (Gray)",https://www.amazon.com/dp/B085ZV98JM,$24.99
B0CN3185T8,"SXhyf Hard Bristle Crevice Cleaning Brush - Multifunctional Gap Cleaning Brush, Cleaning Tools for Household Use, Home, Kitchen, Bathroom, Window, Vehicle, Faucets, Toilet, Grout (Black Handles)",https://www.amazon.com/dp/B0CN3185T8,$8.99
B09JGPVMBB,"ForPro Professional Collection Disposable Nitrile Gloves, Chemical Resistant, Powder-Free, Latex-Free, Non-Sterile, Food Safe, 4 Mil, Black, Large, 100-Count",https://www.amazon.com/dp/B09JGPVMBB,$11.99
B0B2K47S1T,"CAROTE 11pcs Pots and Pans Set, Nonstick Cookware Sets Detachable Handle, Induction RV Kitchen Set Removable Handle, Oven Safe, Cream White",https://www.amazon.com/dp/B0B2K47S1T,$59.89
B01M9I779L,"DASH Mini Maker for Individual Waffles, Hash Browns, Keto Chaffles with Easy to Clean, Non-Stick Surfaces, 4 Inch, Aqua",https://www.amazon.com/dp/B01M9I779L,$9.99
B0B5FHSWKT,"Clear Plastic Drawer Organizers [25 PCS] Drawer Organizer Bins With Non-Slip Pads for Makeup, Jewelry, Vanity, Bathroom, Kitchen Gadgets Utensils & Office Desk. 4-Size Bathroom Drawer Organizer Trays.",https://www.amazon.com/dp/B0B5FHSWKT,$12.74
B0B2BPF2C2,"Powerful Handheld Milk Frother, Mini Milk Frother Wand, Battery Operated Stainless Steel Drink Mixer - Milk Frother Stand for Milk Coffee, Lattes, Cappuccino, Frappe, Matcha, Hot Chocolate. Great Gift",https://www.amazon.com/dp/B0B2BPF2C2,$8.94
B09GBBRJN8,"LABIGO Electric Spin Scrubber LA1 Pro, Cordless Spin Scrubber with 4 Replaceable Brush Heads and Adjustable Extension Handle, Power Cleaning Brush for Bathroom Floor Tile (White)",https://www.amazon.com/dp/B09GBBRJN8,$65.99
B00BFUSDO4,"Kleenex Disposable Paper Hand Towels, 6 Boxes, 60 Tissues per Box (360 Total Tissues), Packaging May Vary",https://www.amazon.com/dp/B00BFUSDO4,$18.99
B0C2MHG632,"Led Lights for Bedroom 100 ft (2 Rolls of 50ft) Music Sync Color Changing RGB Led Strip Lights with Remote App Control Bluetooth Led Strip, Led Lights for Room Home Kitchen Decor Party",https://www.amazon.com/dp/B0C2MHG632,$9.99
B06X421WJ6,Utopia Home Clothes Hangers 50 Pack - Plastic Hangers Space Saving - Durable Coat Hanger with Shoulder Grooves (White),https://www.amazon.com/dp/B06X421WJ6,$18.99
B08492Q875,"Mr. Clean Magic Eraser, Extra Durable Pro Version, Shoe, Bathroom, and Shower Cleaner, Cleaning Pads with Durafoam, 10 Count",https://www.amazon.com/dp/B08492Q875,$12.77
B07WNRN9WQ,"Glocusent LED Neck Reading Light, Book Light for Reading in Bed, 3 Colors, 6 Brightness Levels, Bendable Arms, Rechargeable, Long Lasting, Perfect for Reading, Knitting, Camping, Repairing",https://www.amazon.com/dp/B07WNRN9WQ,$21.99
B00NX0WXQI,"Utopia Bedding Queen Bed Sheets Set - 4 Piece Bedding - Brushed Microfiber - Shrinkage and Fade Resistant - Easy Care (Queen, Grey)",https://www.amazon.com/dp/B00NX0WXQI,$19.95
B07622VSV3,"Swiffer Sweeper Dry Mop Refills for Floor Mopping and Cleaning, All Purpose Floor Cleaning Product, Unscented, 52 Count (Packaging May Vary)",https://www.amazon.com/dp/B07622VSV3,$14.44
B001R1RXUG,"Honeywell Turboforce Fan, Ht-900, 11 inch",https://www.amazon.com/dp/B001R1RXUG,$16.00
B004YK2KSM,"Pacific Blue Select Multifold Premium 2-Ply Paper Towels by GP PRO (Georgia-Pacific), White, 21000, 125 Paper Towels Per Pack, 16 Packs Per Case",https://www.amazon.com/dp/B004YK2KSM,$40.55
B08ZBDK8BT,"O-Cedar EasyWring RinseClean Microfiber Spin Mop & Bucket Floor Cleaning System, Grey",https://www.amazon.com/dp/B08ZBDK8BT,$49.97
B082KP92DF,"AmazerBath Shower Curtain Liner, 72x72 Clear Shower Curtain Liner, Waterproof Plastic Shower Liner, Cute Lightweight PEVA Shower Curtain for Bathroom with 3 Magnets and 12 Rustproof Metal Grommets",https://www.amazon.com/dp/B082KP92DF,$6.57
B003IS3HV0,"Leather Honey Leather Conditioner, Best Leather Conditioner Since 1968. For Use on Leather Apparel, Furniture, Auto Interiors, Shoes, Bags and Accessories. Non-Toxic and Made in the USA!",https://www.amazon.com/dp/B003IS3HV0,$16.99
B081J7SBP4,"downluxe Waterproof Clear Shower Curtain Liner - PEVA Lightweight Plastic Shower Liner with 3 Magnets, Shower Curtains for Bathroom, 72"" x 72"", Clear",https://www.amazon.com/dp/B081J7SBP4,$6.99
B0055521W0,"GermGuardian Filter B HEPA Pure Genuine Air Purifier Replacement Filter, Removes 99.97% of Pollutants for AC4825, AC4300, AC4900, AC4825DLX, AC4850, CDAP4500, AP2200, Black/Yellow, FLT4825",https://www.amazon.com/dp/B0055521W0,$25.99
B00B9CTFWW,"Dixie Ultra, Large Paper Plates, 10 Inch, 100 Count, 3X Stronger*, Heavy Duty, Microwave-Safe, Soak-Proof, Cut Resistant, Great For Heavy, Messy Meals",https://www.amazon.com/dp/B00B9CTFWW,$14.49
B0B41NL1JC,"Vegetable Chopper, Pro Onion Chopper, 14 in 1Multifunctional Food Chopper, Kitchen Vegetable Slicer Dicer Cutter,Veggie Chopper With 8 Blades,Carrot Chopper With Container (Grey)",https://www.amazon.com/dp/B0B41NL1JC,$21.98
B09F8J3932,"Noalto Reusable K Cups and Coffee Pods,Universal stainless steel k Cups for Keurig 2.0 and 1.0 Coffee Makers machine(2pack)",https://www.amazon.com/dp/B09F8J3932,$15.98
B002MPPYVQ,Mold Armor Do It Yourself Mold Test Kit,https://www.amazon.com/dp/B002MPPYVQ,$9.87
B01FXN3E74,"Brita Everyday Water Filter Pitcher, BPA-Free Water Pitcher, Replaces 1,800 Plastic Water Bottles a Year, Lasts Two Months or 40 Gallons, Includes 1 Filter, Kitchen Accessories, Large - 10-Cup",https://www.amazon.com/dp/B01FXN3E74,$28.39
B083LMRXJC,MIULEE Throw Pillow Insert Premium Pillow Stuffer Sham Rectangle for Decorative Cushion Bed Couch Sofa 12x20 Inch,https://www.amazon.com/dp/B083LMRXJC,$9.99
B0815BLNX1,"Gorilla Grip 8 Pack Rug Gripper Pads, Keep Area Rugs Corners from Curling and Bunching, Reusable Dual-Sided Flexible Sticky Pad, Grips Floor Underlayment, Hold Carpet in Place on Hardwood Floors",https://www.amazon.com/dp/B0815BLNX1,$13.99
B077K2FMNQ,"Glade PlugIns Refills Air Freshener, Scented and Essential Oils for Home and Bathroom, Cashmere Woods, 3.35 Fl Oz, 5 Count",https://www.amazon.com/dp/B077K2FMNQ,$11.98
B00BG53EF6,"Brita Standard Water Filter, BPA-Free, Replaces 1,800 Plastic Water Bottles a Year, Lasts Two Months or 40 Gallons, Includes 2 Filters, Kitchen Essential",https://www.amazon.com/dp/B00BG53EF6,$14.99
B00T4RH8E6,"Hamilton Beach (76606ZA) Smooth Touch Electric Automatic Can Opener with Easy Push Down Lever, Opens All Standard-Size and Pop-Top Cans, Extra Tall, Black and Chrome",https://www.amazon.com/dp/B00T4RH8E6,$32.85
B0C2HPB1N7,"3 Pack Compatible with Stanley 30&40 Oz Tumbler, 10mm Cloud Shape Straw Covers Cover, Cute Silicone Cloud Straw Covers, Straw Protectors, Soft Silicone for 10mm Straws",https://www.amazon.com/dp/B0C2HPB1N7,$4.99
B0869D64HL,INTEX Dura-Beam Deluxe Comfort-Plush Luxury Air Mattress: Fiber-Tech Construction ‚Äì Built-in Electric Pump ‚Äì Dual-Layer Comfort Top ‚Äì Velvety Sleeping Surface ‚Äì Carry Bag Included,https://www.amazon.com/dp/B0869D64HL,$49.99
B09R4V1VLZ,"Brawny¬Æ Tear-A-Square¬Æ Paper Towels, 6 Triple Rolls = 18 Regular Rolls",https://www.amazon.com/dp/B09R4V1VLZ,$19.49
B0888TC1S7,"KitchenAid Measuring Cups, Set Of 4, Aqua Sky",https://www.amazon.com/dp/B0888TC1S7,$3.99
B0BYMK5VKD,"4-Pack Damp Clean Duster Sponge, Sponge Cleaning Brush, Duster for Cleaning Blinds, Glass, Baseboards, Vents, Railings, Mirrors,Window Track Grooves and FaucetsÔºàGrayÔºâ",https://www.amazon.com/dp/B0BYMK5VKD,$9.99
B087RLL1J5,"GLAD ForceFlex Tall Kitchen Drawstring Trash Bags, 13 Gallon White Trash Bag for Kitchen Trash Can, Gain Moonlight Breeze with Febreze Freshness and Leak Protection, 110 Count (Package May Vary)",https://www.amazon.com/dp/B087RLL1J5,$29.69
B0BGQL5B3Q,"LEGO Icons Wildflower Bouquet Set - Artificial Flowers with Poppies and Lavender, Adult Collection, Unique Mother's Day Decoration, Botanical Piece for Anniversary or Gift for Mother's Day, 10313",https://www.amazon.com/dp/B0BGQL5B3Q,
B085NDYY1P,"Gravity Electric Pepper and Salt Grinder Set, Adjustable Coarseness, Battery Powered with LED Light, One Hand Automatic Operation, Stainless Steel Black, 2 Pack",https://www.amazon.com/dp/B085NDYY1P,$19.99
B01FXROXFW,"Utopia Bedding Full Body Pillow for Adults (White, 20 x 54 Inch), Long Pillow for Sleeping, Large Pillow Insert for Side Sleepers",https://www.amazon.com/dp/B01FXROXFW,$22.99
B0765CN7CM,"Reynolds Kitchens Slow Cooker Liners, Regular (Fits 3-8 Quarts), 6 Count (Pack of 2), 12 Total",https://www.amazon.com/dp/B0765CN7CM,$6.96
B0BN5VRGS6,"MIULEE Pillow Insert 12x20 Inch, Decorative Rectangle Throw Pillow Inserts, Premium Fluffy Pillow Forms Sham Stuffer for Sofa Couch Living Room",https://www.amazon.com/dp/B0BN5VRGS6,$8.99
B01F5K9YNS,"Gorilla Grip Patented Shower and Bathtub Mat, 35x16, Long Bath Tub Floor Mats, Suction Cups and Drainage Holes Keeps Floors Clean, Machine Washable, Soft on Feet, Bathroom and Spa Accessories, Clear",https://www.amazon.com/dp/B01F5K9YNS,$22.99
B07C4BMSH4,Reli. 55-60 Gallon Trash Bags Heavy Duty | 150 Bags | 50-60 Gallon | Large Black Garbage Bags | Made in USA,https://www.amazon.com/dp/B07C4BMSH4,$49.99
B088VTQRBY,"Comfy Package, Flexible Disposable Plastic Drinking Straws - 7.75"" High - Assorted Colors Striped [200 Pack]",https://www.amazon.com/dp/B088VTQRBY,$6.99
B07S98411N,"Ninja 12-Cup Programmable Coffee Brewer, 2 Brew Styles, Adjustable Warm Plate, 60oz Water Reservoir, Delay Brew - Black/Stainless Steel",https://www.amazon.com/dp/B07S98411N,$69.99
B0CKR255GV,Lunch box Lunch bag for men women Large capacity Lunchbox Reusable Lunch bags Insulated Lunch bag Lunch box cooler (Black),https://www.amazon.com/dp/B0CKR255GV,$5.99
B07LGDJ35M,"Comfy Package, Jumbo Plastic Smoothie Straws - 8.5"" High - Assorted Colors [100 Count]",https://www.amazon.com/dp/B07LGDJ35M,$7.99
B09VLD3F3P,"Toilet Paper Holder Stand, Storage Cabinet Beside Toilet for Small Space Bathroom with Toilet Roll Holder, White by AOJEZOR",https://www.amazon.com/dp/B09VLD3F3P,$23.48
B0C3QZ7SNF,"Cisily Sponge Holder for Kitchen Sink, Sink Caddy with High Brush Holder, Organzier Rustproof 304 Stainless Steel Dish Organizer Divider, Soap Dispenser Storage",https://www.amazon.com/dp/B0C3QZ7SNF,$19.99
B0BWR49R77,2 Pack Foil Curtain Backdrop Silver Metallic Tinsel Foil Fringe Curtains Photo Booth Props for Birthday Wedding Engagement Baby Shower Bachelorette Christmas Holiday Celebration Party Decorations,https://www.amazon.com/dp/B0BWR49R77,$5.99
B0CGRFJC9M,"Filtered Shower Head with Handheld, High Pressure Water Flow and Multiple Spray Modes Shower Head with Filter, Power Wash for Hard Water, Showerhead with ON/OFF Switch for Pets Bath",https://www.amazon.com/dp/B0CGRFJC9M,$25.99
B08DJ2P6SR,FDW Garbage Can 13 Gallon 50 Liter Kitchen Trash Can for Bathroom Bedroom Home Office Automatic Touch Free High-Capacity with Lid Brushed Stainless Steel Waste Bin,https://www.amazon.com/dp/B08DJ2P6SR,$52.50
B0BQHV84H6,"BAYKA Floating Shelves, Wall Mounted Rustic Wood Shelves for Bathroom, Bedroom, Living Room, Kitchen, Small Hanging Shelf for Books/Storage/Room Decor with 22lbs Capacity (Black, Set of 3, 16in)",https://www.amazon.com/dp/B0BQHV84H6,$24.99
B0C7FLJXWM,"PUR PLUS Water Pitcher & Dispenser Replacement Filter 3-Pack, Genuine PUR Filter, 3-in-1 Powerful Filtration for More Chemical & Physical Substance Reduction, 6-Month Value, Blue (CRF950Z3)",https://www.amazon.com/dp/B0C7FLJXWM,$24.99
B0C8B9V7HR,"BLACK+DECKER CM0915BKD 12-Cup Coffee Maker with Easy On/Off Switch, Easy Pour, Non-Drip Carafe with Removable Filter Basket, Black",https://www.amazon.com/dp/B0C8B9V7HR,$24.99
B07GX6TRQX,Swedish Dishcloth Cellulose Sponge Cloths ‚Äì Bulk 10 Pack of Eco-Friendly No Odor Reusable Cleaning Cloths for Kitchen ‚Äì Absorbent Dish Cloth Hand Towel (10 Dishcloths ‚Äì Assorted),https://www.amazon.com/dp/B07GX6TRQX,$16.75
B0C8611GZV,Veken 12 Inch High Pressure Rain Shower Head Combo with Extension Arm- Wide Rainfall Showerhead with 5 Handheld Water Spray - Adjustable Dual Showerhead with Anti-Clog Nozzles - Silver Chrome,https://www.amazon.com/dp/B0C8611GZV,$58.99
B07TJ73MG4,"KICNIC Balloon Arch Strip Kit for Garland, 32.8 Feet Balloon Tape Strips and 200 Glue Point Dot Stickers for Party Wedding Birthday Baby Shower Decorations",https://www.amazon.com/dp/B07TJ73MG4,$3.98
B08QD33PZ2,"Mr. Coffee¬Æ 5-Cup Mini Brew Switch Coffee Maker, Black",https://www.amazon.com/dp/B08QD33PZ2,$24.99
B08MDYFTS1,"KeaBabies 3-Pack Organic Baby Swaddle Sleep Sacks - Newborn Swaddle Sack, Ergonomic Baby Swaddles 0-3 Months, Swaddles for Newborns,Baby Sleep Sack, Baby Swaddle Blanket Wrap, Baby Essentials(Nordic)",https://www.amazon.com/dp/B08MDYFTS1,$23.97
B0C4TRGP4F,"4 Pack Damp Dusting Sponge Duster, Grey Dust Cleaning Sponge, Reusable Household Cleaning Sponge Tool for Blinds, floorboards, Fan Blades, Vents, Glass, Railings, Mirrors",https://www.amazon.com/dp/B0C4TRGP4F,$8.09
B08FWNCNH9,"4-in-1 Knife Sharpener [4 stage] with a Pair of Cut-Resistant Glove, Original Premium Polish Blades, Best Kitchen Knife Sharpener Really Works for Ceramic and Steel Knives, Scissors.",https://www.amazon.com/dp/B08FWNCNH9,$12.99
B01D5TM5QE,"FoodSaver Vacuum Sealer Bags, Rolls for Custom Fit Airtight Food Storage and Sous Vide, 11"" x 16' (Pack of 3)",https://www.amazon.com/dp/B01D5TM5QE,$29.99
B08FSSP2N2,"Caperci Standard Natural Cupcake Liners 500 Count, No Smell, Food Grade & Grease-Proof Baking Cups Paper",https://www.amazon.com/dp/B08FSSP2N2,$6.99
B01261VEOG,"Secura Electric Wine Opener, Automatic Electric Wine Bottle Corkscrew Opener with Foil Cutter, Rechargeable (Stainless Steel)",https://www.amazon.com/dp/B01261VEOG,$21.20
B004QM8W5S,Lodge Silicone Hot Handle Holder - Red Heat Protecting Silicone Handle Cast Iron Skillets with Keyhole Handle,https://www.amazon.com/dp/B004QM8W5S,$6.03
B0BLKD3H7V,"8 Pack Large Strong Moving Bags with Zippers & Carrying Handles - Water-Resistant - Heavy Duty Tote for Space Saving Storage, Fold Flat, Alternative to Moving Box (Clear)",https://www.amazon.com/dp/B0BLKD3H7V,$39.98
B0CKLQM41B,"Mr. Pen- Shaker Bottles for Protein Mixes, 28 oz, Shaker Bottle with Wire Whisk Ball, Protein Shaker Bottle, Shaker Cup, Protein Shaker, Protein Shake Bottle, Bottle Shaker, Shake Bottle",https://www.amazon.com/dp/B0CKLQM41B,$6.85
B00DIHVMEA,"Amazon Basics Polyurethane CD/DVD Binder, 400-capacity, Black",https://www.amazon.com/dp/B00DIHVMEA,$22.78
B07GNQJ67P,"Kenmore 53292 Type Q HEPA Replacement Dust Bags for Canister Vacuum 81214, 81414, 81714, 21814, BC2005, BC3005, 81615, BC7005, 6 Count (Pack of 1)",https://www.amazon.com/dp/B07GNQJ67P,$14.04
B0BB5ZBT42,"LED Desk lamp with Clamp, Eye-Caring Clip on Lights for Home Office, 3 Modes 10 Brightness, Long Flexible Gooseneck,Metal, Swing Arm Architect Task Table Lamps with USB Adapter, Black",https://www.amazon.com/dp/B0BB5ZBT42,$19.98
B087N6J7RY,"Thickened balloons, 120 PCS Balloons Assorted Colors, Latex Balloons for Kid's Birthday Party, Exquisite Rainbow Balloon, 12 Inches & 12 Kinds of Rianbow Colorful Party Balloons Decorations.",https://www.amazon.com/dp/B087N6J7RY,$7.89
B01BDQDIGM,"Munchkin¬Æ Step Diaper Pail Powered by Arm & Hammer, #1 in Odor Control, Award-Winning, Includes 1 Refill Ring and 1 Snap, Seal & toss Bag",https://www.amazon.com/dp/B01BDQDIGM,$59.99
B0BR5JHB3Z,"Touch Bedside Table Lamp, [Sleek Design & RGB Mode] 3 Way Dimmable Small Lamp for Bedroom, LED Lamp with Warm White Lights, Multi-Color Smart Nightstand Lamp for for Living Room Home Gifts",https://www.amazon.com/dp/B0BR5JHB3Z,$19.99
B0BSKQW2T2,"Paper Towel Holder - Self-Adhesive or Drilling, Matte Black Paper Towel Rack Under Cabinet for Kitchen, Upgraded Aluminum Kitchen Roll Holder - Lighter but Stronger Than Stainless Steel!",https://www.amazon.com/dp/B0BSKQW2T2,$7.99
B008M4PYZW,Zerowater Replacement Filters for Pitchers (2 Pack),https://www.amazon.com/dp/B008M4PYZW,$29.99
B08BPB9T1N,"Etekcity Food Scale, 11lb/0.1g, Digital Kitchen Scale with Detachable Bowl Weight Grams and Ounces for Coffee, Baking, Cooking, Large LCD Display Stainless Steel (Batteries Included)",https://www.amazon.com/dp/B08BPB9T1N,$16.99
B0B67J4HYM,"Air Fryer Disposable Paper Liner, 100PCS Food Grade Parchment Liners for Ninja DZ201,Ninja Foodi Dual Air Fryer Accessories Baking Paper (9 * 6, Natural)",https://www.amazon.com/dp/B0B67J4HYM,$11.99
B01JA5H7GK,"ZeroWater 12-Cup Ready-Pour 5-Stage Water Filter Pitcher 0 TDS for Improved Tap Water Taste - IAPMO Certified to Reduce Lead, Chromium, and PFOA/PFOS, 25 Liter, Blue",https://www.amazon.com/dp/B01JA5H7GK,$29.99
B09T3W63SD,"BELADOR Bathroom Rugs Sets 2 Piece - Plush Bath Mat Set Quick-Dry Soft Chenille Bathroom Mat with Rubber Backing, Absorbant Bathroom Rug Set, Washable Bath Rugs for Bathroom- Bath Mats 24x17 + 30x20",https://www.amazon.com/dp/B09T3W63SD,$13.08
B000TTSXNI,"Lasko Oscillating Ceramic Tower Space Heater for Home with Adjustable Thermostat, Timer and Remote Control, 22.5 Inches, Grey/Black, 1500W, 751320",https://www.amazon.com/dp/B000TTSXNI,$49.99
B09M7PF9RB,Comfy Package Clear Hard Plastic Shot Glasses [1 oz. - 100 Count] Disposable Shot Cups,https://www.amazon.com/dp/B09M7PF9RB,$5.71
B008J8MJIQ,"Hamilton Beach Food Processor & Vegetable Chopper for Slicing, Shredding, Mincing, and Puree, 10 Cups + Easy Clean Bowl Scraper, Black and Stainless Steel (70730)",https://www.amazon.com/dp/B008J8MJIQ,$54.99
B07R5DX6RQ,"Quilted Thicker Waterproof Changing Pad Liners by BlueSnail, 3 Count (Gray)",https://www.amazon.com/dp/B07R5DX6RQ,$15.95
B0B45XH44P,"Projection Alarm Clock, Digital Clock with 180¬∞ Rotatable Projector, 3-Level Brightness Dimmer, Clear LED Display, USB Charger, Progressive Volume, 9mins Snooze,12/24H, for Bedroom",https://www.amazon.com/dp/B0B45XH44P,$19.99
B07SDBYYQ2,"18 Piece Glass Food Storage Containers with Lids, Meal Prep Containers for Food Storage, BPA Free & Leak Proof (9 lids & 9 Containers)",https://www.amazon.com/dp/B07SDBYYQ2,$32.79
B07VRP39CV,"Amazer Plastic Shower Curtain Rings, Shower Curtain Hooks, 24 Pcs C Shaped Shower Hooks for Shower Curtain, Clear Shower Curtain Hooks for Bathroom",https://www.amazon.com/dp/B07VRP39CV,$6.94
B0C353845H,All Around Travel Tumbler with Handle Stainless Steel Double-Wall Vacuum Insulated,https://www.amazon.com/dp/B0C353845H,$39.95
B0BF7WR2XQ,"Cool Mist Humidifiers for Bedroom & Large Room (2.5L Water Tank) Quiet Ultrasonic Air Humidifier For Babies Nursery, Office, Indoor Plants & Whole House -Adjustable 360 Rotation Nozzle, Auto-Shut Off",https://www.amazon.com/dp/B0BF7WR2XQ,$19.99
B07C8V4FDR,"Cuisinart Bread Maker Machine, Compact and Automatic, Customizable Settings, Up to 2lb Loaves, CBK-110P1, Silver,Black",https://www.amazon.com/dp/B07C8V4FDR,$129.95
B09YGRM35C,"[130 Sets - 2 Oz ] Jello Shot Cups, Small Plastic Containers with Lids, Airtight and Stackable Portion Cups, Salad Dressing / Dipping Sauce Cups, Condiment Cups for Lunch, Party to Go, Trips",https://www.amazon.com/dp/B09YGRM35C,$9.99
B08JTW2ZCP,"Mounting Dream UL Listed TV Wall Mount for Most 42-84 Inch TV, Full Motion TV Mount with Swivel and Tilt, TV Bracket with Articulating Dual Arms, Fits 16inch Studs, Max VESA 600X400 mm, 100 lbs,MD2617",https://www.amazon.com/dp/B08JTW2ZCP,$55.99
B09MHFPW6H,"Gaiatop Mini Portable Fan, Powerful Handheld Fan, Cute Design 3 Speed Personal Small Desk Fan with Base, Lightweight Makeup USB Rechargeable Fan for Stylish Girl Women Travel Indoor Outdoor Pink",https://www.amazon.com/dp/B09MHFPW6H,$12.99
B075X416X8,"DuraHome Food Storage Containers with Lids 8oz, 16oz, 32oz Freezer Deli Cups Combo Pack, 44 Sets BPA-Free Leakproof Round Clear Takeout Container Meal Prep Microwavable, Airtight Lids (Mixed Sizes)",https://www.amazon.com/dp/B075X416X8,$22.91
B0BRKHCLGZ,"Closet Organizers and Storage,3 Pack Organization and Storage Pants-Hangers-Space-Saving,Velvet Hanger for Dorm Room for College Students Girls Boys Guys Hanging Jean Scarf",https://www.amazon.com/dp/B0BRKHCLGZ,$13.99
B07T7N759N,"EDOW Throw Pillow Insert, Lightweight‚ÄÇSoft Polyester Down Alternative Decorative Pillow, Sham Stuffer, Machine Washable. (White, 18x18)",https://www.amazon.com/dp/B07T7N759N,$7.99
B07YB1LQDS,"G Keni Nursery Night Light for Baby, Portable LED Touch Night Lamp for Kids and Adult, Breastfeeding, Sleep Aid, USB Rechargeable Nursing Lamp, Bedside Dimmable Warm Night Light, Soft Eye Caring",https://www.amazon.com/dp/B07YB1LQDS,$22.99
B07BLJDRSZ,Basic Clothing Iron | Non-Stick | Compact | Spray | Adjustable Steam | Fabric Selector | Swivel Cord | Lightweight | 1200-Watt (Blue),https://www.amazon.com/dp/B07BLJDRSZ,$9.99
B0BRXLBBN1,"LOVIMAG 12Pcs Black Fridge Magnets, Small and Strong Magnets for Whiteboard, Office, Classroom, Map, Kitchen",https://www.amazon.com/dp/B0BRXLBBN1,$5.99
B087YTKGPF,"Washcloths 24 Pack Multicolour Wash Cloths for Bathroom, Spa, and Gym Towel, Extra-Absorbent Flannel Face 100% Cotton(12x12)",https://www.amazon.com/dp/B087YTKGPF,$12.95
B0BZ3YVPL8,"40 PCS Food Storage Containers with Lids Airtight (20 Containers & 20 Lids), Plastic Storage Meal Prep Container-Stackable 100% Leakproof & BPA-Free Organization and Storage Sets, Lunch Containers",https://www.amazon.com/dp/B0BZ3YVPL8,$21.99
B0BBWGCJ46,"Funny Happy Birthday Candle, Gifts for Women & Men, Birthday Surprise Box, Birthday Gift Ideas for Her & Him",https://www.amazon.com/dp/B0BBWGCJ46,$16.99
B0CVTXK3KC,"Laresar Cordless Vacuum Cleaner, 550W/45Kpa Stick Vacuum Cleaner with Touch Screen, Up to 60Mins Runtime, Anti-Tangle Vacuum Cleaner with Charging Station for Carpet, Hard Floor, Pet Hair[2024 Latest]",https://www.amazon.com/dp/B0CVTXK3KC,$169.99
B07H9TTGPZ,"CEWOR 24 Pack 173ft Artificial Ivy Greenery Garland, Fake Vines Hanging Plants Backdrop for Room Bedroom Wall Decor, Green Leaves for Jungle Theme Party Wedding Decoration",https://www.amazon.com/dp/B07H9TTGPZ,$15.99
B0C2CLQW34,"Astercook Heavy Duty Kitchen Shears with Serrated Blade, Ergonomic Handle - For Poultry, Herbs, Vegetables",https://www.amazon.com/dp/B0C2CLQW34,$9.59
B096P2G8NT,"Microwave Splatter Cover for Food Large Microwave Plate Food Cover With Easy Grip Handle Anti-Splatter Lid With Enlarge Perforated Steam Vents,11.5 Inch,BPA Free & Dishwasher Safe",https://www.amazon.com/dp/B096P2G8NT,$13.99
B006VB29D8,"Munchkin¬Æ Soft Tip‚Ñ¢ Infant Spoons, 12 Count (Pack of 1)",https://www.amazon.com/dp/B006VB29D8,$8.66
B09S6LHYYQ,"Schneider Nitrile Exam Gloves, Black, Medium, 100-ct Box, 4-mil, Latex-Free, Powder-Free, Food-Safe (NBFK7102)",https://www.amazon.com/dp/B09S6LHYYQ,$9.99
B07WHKDH87,BED SCRUNCHIE Sheet Holder Straps - Heavy Duty Gripper Clips - Strengthened Parachute Cord - 360 Degree Bed Sheet Tightener - Strongest and Effective Extender - Fits All Mattress Sizes,https://www.amazon.com/dp/B07WHKDH87,$42.93
B0BN155HT7,"HOMEXCEL Sponges Kitchen 24pcs, Non-Scratch Scrub Dish Sponges, Safe on Non-Stick Cookware,Dual Sided Cleaning Sponges for Kitchen,Household,Bathroom and More",https://www.amazon.com/dp/B0BN155HT7,$7.99
B09T92F9Z8,"LED Lights for TV Led Backlight, 9.84ft RGB Led Strip Lights USB TV Lights Behind 32-43in TV, APP Remote Control Music Sync TV Led Lights for Bedroom",https://www.amazon.com/dp/B09T92F9Z8,$5.99
B008GS8R3K,"Elite Gourmet MST-250XS Electric Slow Cooker Ceramic Pot, Adjustable Temp, Entrees, Sauces, Stews & Dips, Dishwasher Safe Glass Lid & Crock, 1.5 Quart, Stainless Steel",https://www.amazon.com/dp/B008GS8R3K,$14.99
B0CTQSMVD7,"2 Pack Tumbler Lid Organizer, Space Saving Cup Lid Organizer for Yeti Tumbler/Stanley Tumbler/Simple Modern Tumbler Lids, Self-Adhesive or Drilling Tumbler Lid Hook for Kitchen Organizers and Storage",https://www.amazon.com/dp/B0CTQSMVD7,$16.99
B0CN6C6Y2V,"NETANY 3-pack 16oz Glass jars with Airtight Lids, Overnight Oats Containers with Lids, Wide mouth Mason Salad jars, Glass Food Storage Containers for Snacks Yogurt Spice Sugar",https://www.amazon.com/dp/B0CN6C6Y2V,$11.99
B0BQHPHS5W,"2 Pack Under Sink Organizers and Storage, 2 Tier Sliding Bathroom organizer,Multi-Use Under Kitchen Cabinet Storage Shelf (Black 2Pack)",https://www.amazon.com/dp/B0BQHPHS5W,$25.99
B07KFYXTRR,"Milk Frothing Pitcher 350ml/600ml/900ml/1500ml (12oz/20oz/32oz/50oz) Steaming Pitchers Stainless Steel Milk/Coffee/Cappuccino/Latte Art Barista Steam Pitchers Milk Jug Cup with Art Pen,12oz",https://www.amazon.com/dp/B07KFYXTRR,$11.97
B01H65F6A0,"American Soft Linen Luxury 6 Piece Towel Set, 2 Bath Towels 2 Hand Towels 2 Washcloths, 100% Turkish Cotton Towels for Bathroom, White Towel Sets",https://www.amazon.com/dp/B01H65F6A0,$33.99
B0BDZCZXRL,2 Pack 3.2ft x 8.2ft Pink Metallic Tinsel Foil Fringe Curtains Backdrop for Pink Party Birthday Wedding Bachelorette Baby Shower Holiday Party Decorations Photo Booth Props,https://www.amazon.com/dp/B0BDZCZXRL,$8.99
B0CBV594Z9,"ORFELD Cordless Vacuum Cleaner, Stick Vacuum with 26Kpa Powerful Suction, 45Mins Runtime Rechargeable Vacuum, Anti-Tangle & 1.5L Dust Cup, 6 in 1 Lightweight Vacuum for Hardwood Floor Carpet Pet Hair",https://www.amazon.com/dp/B0CBV594Z9,$129.98
B087RQZ3GH,"DASH Mini Donut Maker Machine for Kid-Friendly Breakfast, Snacks, Desserts & More with Non-stick Surface, Makes 7 Doughnuts - Aqua",https://www.amazon.com/dp/B087RQZ3GH,$19.99
B0CBSV2TNM,"Shark WV201BK WANDVAC Cordless Hand Vac, Lightweight & Portable at 1.4 lbs. with Powerful Suction, Charging Dock, One-Touch Empty for Car & Home,Mattress,Duster Crevice Tool Included, Black(Pack of 1)",https://www.amazon.com/dp/B0CBSV2TNM,$99.99
B09RCPVKKX,"Munchkin¬Æ UV Diaper Pail Refill Rings, 544 Count, 2 Pack (272 Count Each)",https://www.amazon.com/dp/B09RCPVKKX,$13.79
B0BW9658TW,"WDT Espresso Distribution Tool Espresso Stirrer Tools for Barista, 0.35mm 7 Needles Espresso Coffee Stirrer with Extra 7 Replaceable Needles, Aluminum Alloy Handle with Stand (Black)",https://www.amazon.com/dp/B0BW9658TW,$16.99
B001RCUNOI,"Sterilite 3 Drawer Storage Cart, Plastic Rolling Cart with Wheels to Organize Clothes in Bedroom, Closet, White with Clear Drawers, 2-Pack",https://www.amazon.com/dp/B001RCUNOI,$30.96
B0BRDHPQKW,"Unique Bluey Party Favor Bags | 16 Pack | Officially Licensed | Goodie Bags | Birthday Party Supplies, Favors & Decorations | Button",https://www.amazon.com/dp/B0BRDHPQKW,$9.99
B07S82DX3K,"Original Stainless Steel Salt or Pepper Grinder - Top Spice Mill with Ceramic Blades, Brushed Stainless Steel and Adjustable Coarseness By Pepper Grinder ÔºàSingle PackageÔºâ",https://www.amazon.com/dp/B07S82DX3K,$7.98
B0CQMWRQWF,Cobbe 2 Pack Replacement Filters for Handheld Shower Head - Water Softener Filters Beads for Hard Water - Remove Chlorine - Reduces Dry Itchy Skin,https://www.amazon.com/dp/B0CQMWRQWF,$20.99
B094W9TGQG,"Simple Modern Disney Princesses Kids Water Bottle with Straw Lid | Reusable Insulated Stainless Steel Cup for Girls, School | Summit Collection | 14oz, Princess Rainbows",https://www.amazon.com/dp/B094W9TGQG,$18.99
B07WVWSVL3,"Tiblue Insulated Lunch Bag for Women/Men - Reusable Lunch Box for Office Work School Picnic Beach - Leakproof Freezable Cooler Bag with Adjustable Shoulder Strap for Kids/Adult(Medium,Black)",https://www.amazon.com/dp/B07WVWSVL3,$15.29
B0CHP6GVGG,"DAFURIET Mini Funny Positive Potato, 3 inch Knitted Wool Doll with Positive Card for Cheer Up Gifts and Party Decorations, Cute Wool Positive Potato Crochet Doll for Birthday Gifts (Potato)",https://www.amazon.com/dp/B0CHP6GVGG,$5.98
B0C21215T8,"600 Pieces Gold Disposable Plates for 100 Guests, Plastic Plates for Party, Dinnerware Set of 100 Dinner Plates, 100 Salad Plates, 100 Spoons, 100 Forks, 100 Knives, 100 Cups",https://www.amazon.com/dp/B0C21215T8,$69.99
B0CL73D44M,"WISELIFE Coffee Mat Super Absorbent Dish Drying Mat Coffee Bar Accessories Match with Coffee Maker Coffee Machine Coffee Pot Large Drying Mats for Kitchen Counter 12"" W x 19"" L, Black",https://www.amazon.com/dp/B0CL73D44M,$9.98
B01MRZE720,"Sterilite 56 Qt Wheeled Latching Storage Box, Stackable Bin with Latch Lid, Plastic Container to Organize Shoes Underbed, Clear with White Lid, 4-Pack",https://www.amazon.com/dp/B01MRZE720,$68.99
B07NPW5RF5,"SimpleHouseware Double Laundry Hamper with Lid and Removable Laundry Bags, Black",https://www.amazon.com/dp/B07NPW5RF5,$29.97
B00EZI26GO,"Hamilton Beach Portable 6 Quart Set & Forget Digital Programmable Slow Cooker Lock, Dishwasher Safe Crock & Lid, Temperature Probe, Stainless Steel",https://www.amazon.com/dp/B00EZI26GO,$69.99
B07XFQVN57,"Kitsch Satin Pillowcase for Hair and Skin Queen - Softer Than Mulberry Silk Pillow Cases Standard Size, Cooling Pillow Covers for Sleeping, Smooth Satin Pillowcase with Zipper, 19x26 in (Ivory) 1 Pack",https://www.amazon.com/dp/B07XFQVN57,$18.50
B09RG3M5ZS,"KOHLER 25875-0 Hyten Elevated Quiet-Close Elongated Toilet Seat, Contoured Seat with Grip-Tight Bumpers, Quick-Attach Hardware, White",https://www.amazon.com/dp/B09RG3M5ZS,$50.47
B01FSY4YHM,"Hefty Ultra Strong Tall Kitchen Trash Bags, Unscented, 13 Gallon, 110 Count",https://www.amazon.com/dp/B01FSY4YHM,$29.64
B07RLW6XTH,CEWOR 2pcs Fake Hanging Plants 3.6ft Fake Ivy Vine Artificial Ivy Leaves for Wedding Wall House Room Patio Indoor Outdoor Home Shelf Office Decor (No Baskets),https://www.amazon.com/dp/B07RLW6XTH,$9.99
B0B24BZYMQ,"Burger Press 7.08"" Round & 8.3‚ÄùX4.3‚ÄùRectangle Heavy-Duty Cast Iron Smash Meat Steak With Wood Handle for Blackstone Camp chef Pitboss Weber Treager Griddle Grills (Round & Rectangle)",https://www.amazon.com/dp/B0B24BZYMQ,$29.99
B086GFBN4D,"SMARTAKE 13-Piece Drawer Organizer with Non-Slip Silicone Pads, 5-Size Desk Drawer Organizer Trays Storage Tray for Makeup, Jewelries, Utensils in Bedroom Dresser, Office and Kitchen (Clear)",https://www.amazon.com/dp/B086GFBN4D,$23.99
B0CQQL5WVL,"4/6/10/15/24/36pcs Drill Brush Attachment Set, Drill Scrub Brush for Cleaning Shower, Tub, Bathroom (4pcs)",https://www.amazon.com/dp/B0CQQL5WVL,$4.99
B08VJ677RB,"Shower Head, 8‚Äò‚Äô High Pressure Rainfall/Handheld Shower Combo with 11'' Extension Arm, 9 Settings, Anti-leak Shower Head with Holder, Height/Angle Adjustable, Chrome, Matte Black",https://www.amazon.com/dp/B08VJ677RB,$52.99
B085XS4VB3,"8 Pcs Extra Wide Reusable Boba Straws with 1 Bag & 2 Brushes - BPA FREE Multicolor Big Jumbo Large Plastic Straws for Smoothies, Bubble Tea(Tapioca, Boba Pearls), Milkshakes",https://www.amazon.com/dp/B085XS4VB3,$5.99
B074MX8VN5,Amazon Basics 500-Watt Ceramic Small Space Personal Mini Heater - Black,https://www.amazon.com/dp/B074MX8VN5,$21.81
B079C4B8V8,"Super Set Universal Bottle Emptying Kit - Maximize Every Drop with Flip-It! (Pastel, 2-Pack)",https://www.amazon.com/dp/B079C4B8V8,$15.99
B00WR9DEOQ,Prepworks ProKeeper 4 Quart Flour Airtight Food Storage Container,https://www.amazon.com/dp/B00WR9DEOQ,$24.95
B01IAIPARG,Mr. Clean Premium Latex-Free Gloves Bliss Medium Size (Pack of 2 Pairs),https://www.amazon.com/dp/B01IAIPARG,$11.99
B07VJ7ZQDC,"Pirate Gold Coins Plastic Set of 100,Play Gold Treasure Coins for Play Favor Party Supplies, Pirate Party, Treasure Hunt Game and Party Favors",https://www.amazon.com/dp/B07VJ7ZQDC,$8.79
B0BBPKPKN6,"Bedside Table Lamp with 3 Color Temperatures - 3000/4000/5000K Small Lamp with USB C+A Ports, Nightstand Lamp with 3 Color Modes by Pull Chain, Bedroom Lamp for Living Read Work(LED Bulb Included)",https://www.amazon.com/dp/B0BBPKPKN6,$19.99
B07BDRKLGM,"Gorgeous Salt And Pepper Grinder Set - Refillable Stainless Steel Combo Shakers With Adjustable Coarse Mills - Enjoy Your Favorite Spices, Fresh Ground Pepper, Himalayan Or Sea Salts",https://www.amazon.com/dp/B07BDRKLGM,$12.99
B09B3FBYMS,"TV Wall Mount, Bracket for Most 13-32 inch LED, LCD Monitor and Plasma TVs, Max VESA 100x100mm by XINLEI (MA1330)",https://www.amazon.com/dp/B09B3FBYMS,$15.88
B0017XHSC2,"Hamilton Beach Portable Blender for Shakes and Smoothies with 14 Oz BPA Free Travel Cup and Lid, Durable Stainless Steel Blades for Powerful Blending Performance, Red (51101RV)",https://www.amazon.com/dp/B0017XHSC2,$19.85
B0CGPQ9HPY,"Air Humidifiers for Bedroom and Baby, Home & Plants - KUICH 2.4L Cool Mist Humidifiers for Nursery, 26db Quiet Top Fill Air Humidifier Lasts Up to 30 Hours, Auto Shut-Off, Super Easy to Fill and Clean",https://www.amazon.com/dp/B0CGPQ9HPY,$24.99
B0BS1794NS,"2 Packs Pull Out Spice Rack Organizer for Cabinet, Durable Slide Out Spice Racks Organizer, Easy to Install Spice Cabinet Organizers, 4.33''Wx10.4''Dx8.5''H, Each Tier Hold 10 Spice Jars - 2 Tier",https://www.amazon.com/dp/B0BS1794NS,$24.99
B0C89N35WP,HAMITOR Corner Shower Caddy Tension Pole: Quick Installation 4-Tier Rustproof Bathroom Organizer Shelves for Bathtub Shampoo Storage - 47-121 inch Adjustable Floor Standing Bath Rack Holder - Black,https://www.amazon.com/dp/B0C89N35WP,$59.99
B095P14H7D,"3 Pack 18/8 Stainless Steel Colander Sieves(5-Quart, 4-Quart and 3-Quart), Mesh Strainer Net Baskets with Handles & Resting Base for Strain, Drain, Rinse or Steam",https://www.amazon.com/dp/B095P14H7D,$19.99
B09C3J3KFH,"Over The Sink Dish Drying Rack, Adjustable (25.5 to 33.5 inch) 2 Tier Metal Steel Dish Drying Racks for Kitchen Counter with Hooks Paper Towel Utensil Cup Holder Sink Caddy, Black",https://www.amazon.com/dp/B09C3J3KFH,$39.99
B0BVQ4JXDB,"28pcs Easter Egg Filler, Easter Basket Stuffers for Kids Glow in The Dark Dinosaur Toys Set Mini Dinosaur Figures for Easter Gifts (Multi-Color)",https://www.amazon.com/dp/B0BVQ4JXDB,$6.99
B08TM4WH2Q,"MR.SIGA Toilet Bowl Brush and Holder, Premium Quality, with Solid Handle and Durable Bristles for Bathroom Cleaning, White, 1 Pack",https://www.amazon.com/dp/B08TM4WH2Q,$17.99
B07VYXW9QQ,"Hamburger Press Patty Maker, Burger Press, 3 in 1 Non-Stick Meat Beef Veggie Hamburger Mold, Kitchen Gadgets to Make Patty for Stuffed Slider BBQ Barbecue Grilling",https://www.amazon.com/dp/B07VYXW9QQ,$9.19
B07WZVQWDK,"Toilet Paper Holder Matte Black, Toilet Tissue Roll Holders Dispenser and Hangers Wall Mounted for Bathroom & Kitchen, Stainless Steel Modern Square Style",https://www.amazon.com/dp/B07WZVQWDK,$10.39
B000RMJANY,"Lasko Oscillating Pedestal Fan, Adjustable Height, 3 Quiet Speeds, Timer, Remote Control for Bedroom, Living Room, Home Office and College Dorm Room, 52"", Silver and Gray, 2535",https://www.amazon.com/dp/B000RMJANY,$58.32
B082ZYNMC8,"HSL Household Cleaning Gloves - 2 Pairs Reusable Kitchen Dishwashing Gloves with Latex Free, Cotton lining, Waterproof, Non-Slip, Ideal for Dishes, Household Chores, and Gardening (Medium)",https://www.amazon.com/dp/B082ZYNMC8,$9.99
B0B4FF6TFY,"Stanley Classic IceFlow Flip Straw Tumbler for Kids (8 or Above), 20oz, Stan the Bear Stainless Steel , with Double-Wall Vacuum Insulation, 1 Count (Pack of 1)",https://www.amazon.com/dp/B0B4FF6TFY,$30.00
B00RF130OA,"Portable Ironing Mat Blanket (Iron Anywhere) Ironing Board Replacement, Iron Board Alternative Cover",https://www.amazon.com/dp/B00RF130OA,$14.99
B09TQNND45,"Quatish Soap Holder 1 Pack, Travel Soap Container with Lid, Travel Size Toiletries, Portable Bar Soap Holder, Leakproof Soap Box, Soap Dish for Traveling, Camping, Gym, Bathroom",https://www.amazon.com/dp/B09TQNND45,$4.29
B08B5ST1PB,"Refrigerator Liners, 12"" x 17.7"" Fridge Liner Washable Refrigerator Mats, Home Kitchen Gadgets Accessories Organization Must Haves for Freezer Glass Shelf Shelving Drawers Cupboard Cabinet - 7 Pack",https://www.amazon.com/dp/B08B5ST1PB,$6.83
B093C29J8H,"Tongs For Cooking - Heat Resistant 600 Degrees Stainless Steel Kitchen Tong,Heavy Duty Metal Locking Tongs - Perfect for Food,Salad and BBQ set of 3 (7"",9"" and 12"") Dishwasher",https://www.amazon.com/dp/B093C29J8H,$11.99
B085D4MFS8,"iRobot Roomba 692 Robot Vacuum - Wi-Fi Connectivity, Personalized Cleaning Recommendations, Works with Alexa, Good for Pet Hair, Carpets, Hard Floors, Self-Charging",https://www.amazon.com/dp/B085D4MFS8,$244.38
B0764M2JXY,"Amazon Basics 6 Piece Nonstick, Carbon Steel Oven Bakeware Baking Set, 40.5 cm x 28.5 cm x 15 cm",https://www.amazon.com/dp/B0764M2JXY,$33.24
B0885BNKC5,"Vanity Fair Extra Absorbent Paper Napkins, 160 Count",https://www.amazon.com/dp/B0885BNKC5,$5.59
B0CNQYPM4L,"Electric Warming Tray - Full Surface Heating,Rollable & Portable,Premium Silicone Nano-Material,3 Temperature Settings,Auto Shut-Off -Versatile Food Warmer for Gatherings,Parties,Everyday Use",https://www.amazon.com/dp/B0CNQYPM4L,$69.99
B09QGRDMTQ,"Haddockway Wooden Coat Rack Stand with 8 Hooks New Zealand Pine Adjustable Coat Standing Tree Easy Assembly for Coats, Hats, Scarves and Handbags for Entryway, Hallway, Bedroom, Office",https://www.amazon.com/dp/B09QGRDMTQ,$24.99
B0BXXK6JF5,"Mavivegue Book Shelf, 12 Cube Storage Organizer, DIY Bookcase, Metal Bookshelf,Tall Book case for Bedroom, Living Room,Office,Closet , Black Cubicle Rack",https://www.amazon.com/dp/B0BXXK6JF5,$35.99
B09XB3Z1P1,Crinkle Cutter Stainless Steel Potato Carrot Chip Vegetable Crinkle Wavy Chopper Cutter French Fry Slicer,https://www.amazon.com/dp/B09XB3Z1P1,$4.99
B00008W70M,"Farberware Bakeware Springform Baking Pan, Round Nonstick Cheesecake Pan - 9 Inch, Gray",https://www.amazon.com/dp/B00008W70M,$12.99
B0BGQLZ921,"LEGO Icons Dried Flower Centerpiece, Botanical Collection Crafts Set for Adults, Artificial Flowers with Rose and Gerbera, Table or Wall Decoration, Home D√©cor, 10314",https://www.amazon.com/dp/B0BGQLZ921,$39.99
B082XT9MSK,"Max Fun 188Pcs St Patricks Day Accessories Party Favors Set Decorations Kids Saint Patricks Day Irish Decor, Green Beads Shamrock for Parades Supplies",https://www.amazon.com/dp/B082XT9MSK,$19.99
B00P19M3XC,Lawrence Frames 536280 Sutter Gold 8x10 Picture Frame,https://www.amazon.com/dp/B00P19M3XC,$12.99
B089ZNRFZH,"KOOC Disposable Slow Cooker Liners, 10 Count, 13x21in, Large Size, Fresh Locking Seal, BPA Free",https://www.amazon.com/dp/B089ZNRFZH,$5.94
B0C36S9PVR,"Blissful Diary Mini Crib Mattress, 2-Stage Dual Firmness with High Density Support Foam and Cooling Gel Memory Form, 38 x 24inch Mini Mattress for Crib with Ultra-Soft Removable Jacquard Cover, White",https://www.amazon.com/dp/B0C36S9PVR,$34.99
B0CFTYKBHM,"Magnetic Picture Frame, 12 Pack Magnetic Frame Reusable, Magnetic Photo Frames for Refrigerator 4x6‚Äù With White Border, Refrigerator Magnets For Pictures Suitable Home, School, Office",https://www.amazon.com/dp/B0CFTYKBHM,$6.79
B07THN5B78,"PLUS Haven Coco Coir Door Mat with Heavy Duty Backing, Welcome Doormat, 17.5"" x 30"" Size, Easy to Clean Entry Mat, Beautiful Color and Sizing for Outdoor and Indoor uses, Home D√©cor",https://www.amazon.com/dp/B07THN5B78,$20.99
B0B1JPPG2L,"Breville Bambino Espresso Machine BES450BSS, Brushed Stainless Steel",https://www.amazon.com/dp/B0B1JPPG2L,$299.00
B00NZ741ZU,"Rejuvenate Soap Scum Remover, 32 Ounces, Easily Dissolves Soap Scum Without Scrubbing",https://www.amazon.com/dp/B00NZ741ZU,$6.98
B0BPW7MLJT,"Glad ForceFlex with Clorox Trash Bags, Lemon Fresh Bleach Scent, 30 Gal, 50 Ct, Pack May Vary",https://www.amazon.com/dp/B0BPW7MLJT,$19.04
B086YF45G7,"Haton Window Privacy Film, Frosted Glass Window Film, Static Cling UV Blocking Removable Window Clings, Opaque Window Stickers, Vinyl Window Coverings for Home Office, Non Adhesive 17.5 x 78.7 Inches",https://www.amazon.com/dp/B086YF45G7,$9.99
B00T0K8NXC,"AcuRite Wireless Indoor Outdoor Temperature and Humidity Sensor (06002M) , white",https://www.amazon.com/dp/B00T0K8NXC,$16.19
B0CB1WC5JZ,"SipX‚Ñ¢ Triple-Insulated Stainless Steel Water Bottle - 18oz. With Straw Lid, BPA-Free Reusable Insulated Water Bottle Keeps Cold For 12 Hours, Metal Water Bottle Made Of Sustainable Material For Hiking",https://www.amazon.com/dp/B0CB1WC5JZ,$6.79
B0CFJCBXCQ,Insulated 40oz Tumbler with Handle and Straw Lid - 100% Leak-Proof - Cupholder Friendly Travel Mug - Stainless Steel Insulated Tumbler with lid and straw - Gifts for Women Men Him Her,https://www.amazon.com/dp/B0CFJCBXCQ,$16.99
B09H6MN1J3,"Silicone Spatula Set of 5,High Temperature Resistant, Food Grade Silicone, Dishwasher Safe, for Baking, Cooking (Aqua Green)",https://www.amazon.com/dp/B09H6MN1J3,$12.99
B08T8W3LD2,"HOME VISION Fixed TV Wall Mount, Low Profile TV Mount for ùó†ùóºùòÄùòÅ 32-75 inch TVs, TV Wall Mount Bracket Max VESA 600X400mm Up to 165lbs Fits 16""-18""-24"" Wood Studs, Quick Release Lock",https://www.amazon.com/dp/B08T8W3LD2,$27.99
B06XGP85LR,"PureWine Wine Wands Purifier, Filters Histamines and Sulfites - May Reduce and Alleviate Wine Allergies & Sensitivities - Includes Wine Glass Accessory for Gifting, Holiday (8 Pack)",https://www.amazon.com/dp/B06XGP85LR,$24.99
B07C66KFJ5,"Reli. 30-33 Gallon Trash Bags Heavy Duty | 250 Bags Bulk | Clear Large Trash Bags 30+, 32 Gallon | Made in USA",https://www.amazon.com/dp/B07C66KFJ5,$43.99
B0CKN4MNC8,"10PCS Cups Straw Topper Fitting for Stanley Straw Covers, Silicone Straw Covers Cap for All 9-10mm Straws, Reusable Straw Covers Compatible for Stanley 30&40 Oz (10pcs-cups)",https://www.amazon.com/dp/B0CKN4MNC8,$7.99
B0074CDG6C,"Zojirushi NS-TSC10 5-1/2-Cup (Uncooked) Micom Rice Cooker and Warmer, 1.0-Liter, Stainless Brown",https://www.amazon.com/dp/B0074CDG6C,$194.25
B000FSZF8E,"Wilton Recipe Right Small Non-Stick Baking Sheet, Cookie Sheet, 13.2 x 9.25-Inch, Steel",https://www.amazon.com/dp/B000FSZF8E,$5.99
B08866RDYK,"Koonie 10000mAh Clip on Fan Rechargeable, 8-Inch Battery Operated Desk Fan, USB Fan with 4 Speeds, Strong Airflow Sturdy Clamp for Golf Cart Office Desk Outdoor Travel Camping Tent Gym Treadmill,Black",https://www.amazon.com/dp/B08866RDYK,$35.99
B07QL5LTXF,Fridge Ninja 2-Pack Unscented Activated Charcoal Fridge Deodorizer - More Effective Than Baking Soda,https://www.amazon.com/dp/B07QL5LTXF,$19.99
B01N07EFE1,"Greenco 5-Tier Corner Shelves, Floating Corner Shelf, Wall Organizer Storage, Easy-to-Assemble Tiered Wall Mount Shelves for Bedrooms, Bathroom Shelves, Kitchen, Offices, & Living Rooms (White Finish)",https://www.amazon.com/dp/B01N07EFE1,$24.36
B0BHQ61HV7,"360¬∞ Rotating Storage Tray, Rotary Table Diameter 8.66 Inches, Cosmetics and Perfume Organizer, Desktop Storage Tray for Cosmetics and Skincare Products Large Capacity, Small White",https://www.amazon.com/dp/B0BHQ61HV7,$12.99
B0BRT73YZ2,"Chefman Single Serve Coffee Maker: K-Cup & Ground Compatible, Single Cup 6-12 oz Portable Drip Coffee Machine with Filter - Perfect for College & Coffee Lovers,Black",https://www.amazon.com/dp/B0BRT73YZ2,$34.99
B0BVQR8HXD,"efluky Slim Laundry Hamper with Lid, Narrow Laundry Hamper with Removable Bags, Collapsible Dirty Clothes Basket with Handles for Bathroom, Bedroom & Laundry Room, 63L Beige",https://www.amazon.com/dp/B0BVQR8HXD,$27.99
B0CGDJSFXM,"Crevice Cleaning Brush, Hard Bristle Crevice Cleaning Brush, Shower Cleaner Brush, Bathroom Gap Cleaning Brush, Cleaning Tools, Gap Brush,6pcs",https://www.amazon.com/dp/B0CGDJSFXM,$9.99
B0076RQNDI,"Scotch-Brite¬Æ All Surface Scrubbing Pad, 215-FW, 12/3",https://www.amazon.com/dp/B0076RQNDI,$5.69
B0B4RZ4PW8,"Air Purifiers for Bedroom, HEPA Covers Up to 302 sq.ft Room, 24db Sleep Model, Night Lighting, 3 Timers, with Aromatherapy for Bedroom, Dorm Room, Apartment, Kitchen-HY1800",https://www.amazon.com/dp/B0B4RZ4PW8,$19.99
B09LVYZZKS,"Quick & Clean 4-Pack of Cleaning Cups with Descaler Bundle (2 Total Uses) - 2.0 Compatible, Descaling Solution for Keurig, Nespresso, Ninja, Delonghi, All Coffee and Espresso Machines",https://www.amazon.com/dp/B09LVYZZKS,$13.95
B0C854449J,"Industrial Floor Lamp with Glass Shade - Black, LED Bulbs, Foot Pedal Switch, Easy Assembly",https://www.amazon.com/dp/B0C854449J,$39.99
B08QG6323Z,"Dr. Talbot's Disposable Kid's Face Mask for Personal Health, Girl 2-5 Years, Prints May Vary, 10 Count",https://www.amazon.com/dp/B08QG6323Z,$3.14
B0CRRK9DVQ,"Heavy Duty Plastic Hangers, 50 Pack Rubber Coating Non Slip Coat Hangers with Shoulder Grooves, Suit Hangers with 360¬∞ Swivel Hook, Space Saving Organizer for Bedroom Closet, Black",https://www.amazon.com/dp/B0CRRK9DVQ,$38.99
B0BD8N29Q8,"Galaxy Projector 20 Lighting Modes Galaxy Light Projector for Bedroom, HiFi Bluetooth Speaker Led Galaxy Lights for Bedroom 15 White Noise Remote & Timer Ceiling Projector Night Light for Kids Bedroom",https://www.amazon.com/dp/B0BD8N29Q8,$19.19
B09SB3BCF4,"Mini Clothes Pins for Photo, Small Clothespins 200 pcs 1"" Natural Wooden Mini Clothes Pins with Jute Twine, Mini Photo Clips Small Clothes Pins for Photos, Crafts, Arts, Cocktails",https://www.amazon.com/dp/B09SB3BCF4,$7.99
B00YDFLQAG,Whitmor Tabletop Ironing Board with Scorch Resistant Cover Blue,https://www.amazon.com/dp/B00YDFLQAG,$17.99
B0C3CMG9D8,"Industrial Table Lamps for Bedrooms Set of 2 - Fully Dimmable Bedside Lamps with USB A and C Ports and Outlet, Black Nightstand Lamps with Glass Shade for Living Room, Desk Lamps for Office Reading",https://www.amazon.com/dp/B0C3CMG9D8,$49.99
B0BNZY6T3M,"Searon Meat Thermometer,Digital Food Thermometer with Instant Read Out,Backlight and Waterproof,Kitchen Thermometer for BBQ Grilling, Smoker, Baking Turkey",https://www.amazon.com/dp/B0BNZY6T3M,$9.99
B09W8NDJFW,"KeFanta Outdoor Broom for Floor Cleaning,58"" Heavy-Duty Commercial Broom for Sweeping Concrete Courtyard Garage Patio Indoor Home Kitchen Office Lobby",https://www.amazon.com/dp/B09W8NDJFW,$13.97
B07D4BD47F,"Amazon Basics Metal Bed Frame, 9-Leg Base for Box Spring and Mattress, Queen, Tool-Free Easy Assembly, 79.5"" L x 60"" W x 7"" H, Black",https://www.amazon.com/dp/B07D4BD47F,$52.82
B0C4KYLYGR,"Ultrean Manual Can Opener, Heavy Duty Stainless Steel Smooth Edge Manual Hand Held Can Opener With Soft Touch Handle, Rust Proof Oversized Handheld Easy Turn Knob, Best Large Lid Openers, Black",https://www.amazon.com/dp/B0C4KYLYGR,$9.99
B08XQLZFC5,Baby Crib Mobile Arm - HBM 30 Inch Wooden Mobile Arm for Crib Mobile Hanger for Crib Baby Girl Nursery Decor (Crib Mobile Holder),https://www.amazon.com/dp/B08XQLZFC5,$19.99
B0CJ2DL4J4,"AstroAI Mini Fridge 2.0 Gen, 6 Liter/8 Cans Makeup Skincare Fridge 110V AC/ 12V DC Portable Thermoelectric Cooler and Warmer Little Tiny Fridge for Bedroom, Cosmetics, Christmas (Dark Black)",https://www.amazon.com/dp/B0CJ2DL4J4,$49.29
B0CCY2YQF6,"10 Tiers Shoe Rack 50 Pairs Large Capacity Tall Shoe Organizer Sturdy Shoe Storage with Two Hooks Space Saving Metal Wide Shoe Rack for Closet, Entryway, Bedroom, Black",https://www.amazon.com/dp/B0CCY2YQF6,$29.99
B08SLW6MZ2,AED Moon Lamp for Bedroom Moon Night Light for Adults Kids Baby- Gifts for Girls Boys Women Men Remote Touch Control Wooden Stand 4.8 inch Small Size,https://www.amazon.com/dp/B08SLW6MZ2,$17.99
B07PGL1BFV,"Honeywell HRF-A100 Air Purifier Pre Kit Filter, 4-Pack - Allergen Air Filter Targets Dust, VOC, Pet, Kitchen, and Wildfire/Smoke Odors",https://www.amazon.com/dp/B07PGL1BFV,$18.63
B095PF639K,"200 Count 2 Ply Plain White Beverage Napkins Disposable Four Fold Cocktails Paper Napkins 9.8"" X 9.8"" unfolded for Party and Every Day Use",https://www.amazon.com/dp/B095PF639K,$10.99
B0C9MGY112,"4pcs Replacement Stopper Compatible with Owala FreeSip 24oz 32oz, Water Bottle Top Lid Replacement Parts for Owala 19/24/32/40oz BPA-Free Seal Bottle Cap Mouth Stopper Gasket Silicone Plug Accessories",https://www.amazon.com/dp/B0C9MGY112,$6.99
B09NS9QTH2,"Pinkpum Shoe Storage Boxes, Shoe Organizer for Closet Clear, Shoe Boxes Clear Plastic Stackable, Foldable Storage Bins with Lids, 12 Pack Sneaker Storage Box Shoe Rack Containers Bins Holders Cabinet",https://www.amazon.com/dp/B09NS9QTH2,$69.99
B0BJZP3LH4,"RICHER HOUSE 5 Set Floating Wall Mounted Shelves, Black Shelves for Wall Decor, Modern Picture Ledge Shelf with Lip for Storage, Nursery, Bedroom, Living Room, Bathroom - Black",https://www.amazon.com/dp/B0BJZP3LH4,$23.99
B087JDFH4K,"Amico 6 Pack 6 Inch 5CCT Ultra-Thin LED Recessed Ceiling Light with Junction Box, 2700K/3000K/3500K/4000K/5000K Selectable, 12W Eqv 110W 1050LM Brightness Dimmable Canless Wafer Downlight, ETL & FCC",https://www.amazon.com/dp/B087JDFH4K,$59.98
B072387KP9,"Niagara 4 Pack Standard Pillow Protectors with Zipper, Soft Quiet Cotton Sateen, Effective Dust Protection, Stay in Place Pillow Covers, Ideal for Home, Guests, Rentals (20x26 Inches)",https://www.amazon.com/dp/B072387KP9,$12.99
B08L797W7X,Metal Chopsticks Reusable 18/8 Stainless Steel Chopsticks Multipack Dishwasher Safe Chop Sticks Cute Laser Engraved Non-slip Japanese Korean Chopstick for Cooking Eating 9 1/4 Inches 5 Pairs Gift Set,https://www.amazon.com/dp/B08L797W7X,$16.99
B07BHXYCXQ,"iTouchless SensorCan 13 Gallon Trash Can with Odor Filter, Stainless Steel Oval Automatic Trashcan for Home Office Bedroom Living Room Garage Large Capacity Slim Space-Saving Trash Bin",https://www.amazon.com/dp/B07BHXYCXQ,$71.79
B015WYAQLQ,AIRCARE 1043 Replacement Space Saver Wick (1),https://www.amazon.com/dp/B015WYAQLQ,$22.99
B0BVHMHH4X,"1 Pack Over The Door Storage Organizer with 5 Pockets 10 Mesh Pockets, 44 lbs Weight Capacity Door Hanging Organizers and Storage for Bedroom,Bathroom,Nursery,Kidroom,Babyroom",https://www.amazon.com/dp/B0BVHMHH4X,$19.98
B01DAPMQO4,"Original Tub Cubby Bath Toy Storage Organizer - With Suction Cup & Adhesive Hooks, 14""x20"" Mesh Net Shower Caddy for Kids Bathroom Decor, Bedroom & Car Toy Organizer - Bonus Hooks",https://www.amazon.com/dp/B01DAPMQO4,$12.99
B0BPYN71JN,"Immersion Blender, Hand Blender Electric, 3-in-1 Immersion Blender Handheld, 9-Speed, 500W Handheld Blender - Hand Blenders Immersion, Hand Mixer Electric Blenders for Kitchen, Smoothie Blender",https://www.amazon.com/dp/B0BPYN71JN,$24.99
B0957SYWFM,"Cat Night Light - Anime Charater 7 Color Change Decor Kitty Lamp with Remote, Dim, Timer, Game Fan Gifts for Christmas Birthday Boys Girls",https://www.amazon.com/dp/B0957SYWFM,$11.33
B01B7CZ3R4,"HIWARE Lobster Crackers and Picks Set, 10-Piece Crab Leg Cracker Tools - Stainless Steel Seafood Crackers & Forks Nut Cracker Set - Dishwasher Safe",https://www.amazon.com/dp/B01B7CZ3R4,$7.99
B08SBSL8LP,"Village Candle Wild Maine Blueberry Large Glass Apothecary Jar Scented Candle, 21.25 oz, Dark Blue",https://www.amazon.com/dp/B08SBSL8LP,$17.77
B07Q6WRYBS,"30 Pack Black Steel Hanging Hooks - Heavy Duty Metal Hooks for Hanging Pots, Pans, Cups, Bags, Jeans, Towels",https://www.amazon.com/dp/B07Q6WRYBS,$7.99
B01F5K9ZQ4,"Gorilla Grip Patented Shower and Bathtub Mat, 21x21, Small Square Shower Stall Floor Mats with Suction Cups and Drainage Holes, Machine Washable and Soft on Feet, Bathroom Accessories, Clear",https://www.amazon.com/dp/B01F5K9ZQ4,$14.90
B0C7G6YZL3,"Perlegear UL-Listed Full Motion TV Wall Mount for 42‚Äì90 Inch TVs up to 150 lbs, Pre-Assembled TV Mount with Tool-Free Tilt, Swivel, Extension, Max VESA 600 x 400mm, 12‚Ä≥/16‚Ä≥/18‚Ä≥/24‚Ä≥ Wood Studs, PGLF16",https://www.amazon.com/dp/B0C7G6YZL3,$87.99
B01DF316EC,"OXO Good Grips Furlifter Pet Garment Brush Hair Remover For Clothing, White, Garment Brush",https://www.amazon.com/dp/B01DF316EC,$17.95
B0CBBJGBW2,"Gap Cleaning BrushÔºå Crevice Cleaning Tool,Small Cleaning Brushes,Window Groove Cleaning Brush(3PCS)",https://www.amazon.com/dp/B0CBBJGBW2,$4.50
B09P85VQN5,"WOWLIVE 154L Double Laundry Hamper with Lid and Removable Laundry Bags, Large Dirty Clothes Hamper 2 section Collapsible Laundry Basket Dorm Room Storage for Bedroom, Bathroom, College, Black",https://www.amazon.com/dp/B09P85VQN5,$36.99
B071D58ZY5,"LEVOIT Air Purifiers for Home, HEPA Filter for Smoke, Dust and Pollen in Bedroom, Ozone Free, Filtration System Odor Eliminators for Office with Optional Night Light, 1 Pack, White",https://www.amazon.com/dp/B071D58ZY5,$89.99
B014UM9N3I,"Bissell Symphony Pet Steam Mop and Steam Vacuum Cleaner for Hardwood and Tile Floors, with Microfiber Mop Pads, 1543A,Purple, Sky Blue",https://www.amazon.com/dp/B014UM9N3I,$124.99
B07CXNKTD4,"Wooden Spoons, 6 Pieces 9 Inch Wood Soup Spoons for Eating Mixing Stirring, Long Handle Spoon with Japanese Style Kitchen Utensil, ADLORYEA Eco Friendly Table Spoon",https://www.amazon.com/dp/B07CXNKTD4,$8.98
B0CGD6Q656,"Travel Pillow Premium Memory Foam, Comfortable & Supportive Neck Pillow, Pain Relief Sleeping Neck Pillows for Travel, Airplane Pillow for Sleeping Airplane, Car, Office and HomeÔºàBlackÔºâ",https://www.amazon.com/dp/B0CGD6Q656,$12.99
B09TK7YJDD,"Pudodo Easter Buffalo Plaid Check Table Runner Spring Holiday Farmhouse Fireplace Kitchen Dining Room Home Party Decoration (13"" x 72"")",https://www.amazon.com/dp/B09TK7YJDD,$7.99
B0BM3YMD8T,"Homemory 24Pack Flickering Flameless Votive Candles, 200+Hour Electric Fake Candles, Battery Operated LED Tealight for Wedding, Outdoor, Table, Festival (Warm White,Battery Included)",https://www.amazon.com/dp/B0BM3YMD8T,$9.99
B07R56B7WD,BCnmviku Shot Glasses Espresso Parts Double Spouts Milk Cup Clear Glass (Clear Glass-2Pack),https://www.amazon.com/dp/B07R56B7WD,$12.96
B0C38WVJVQ,"10 Inch Microwave Food Cover & Collapsible Silicone Mat - Splatter Guard, Plate Holder & Kitchen Colander for Meal Prep, Charcoal",https://www.amazon.com/dp/B0C38WVJVQ,$9.99
B0C1RGJCN1,"MALACASA Ramekins with Lids 8 oz - Set of 6, White Porcelain Creme Brulee Souffle Ramekins with Covers, Ceramic Custard Cups for Baking, Dishwasher and Oven Safe, Series RAMEKIN.DISH",https://www.amazon.com/dp/B0C1RGJCN1,$22.99
B0BZ3PQ7C2,"20 oz Tumbler Lid, Replacement Lids Compatible for YETI 20 oz Tumbler, 10/24 oz Mug and 10 oz Lowball, 2 Pack Travel Spill Proof Cup Lids Covers with Magnetic Slider Switch, BPA Free",https://www.amazon.com/dp/B0BZ3PQ7C2,$16.99
B0CTRXGFG7,"100% Compostable Paper Plates Heavy Duty - 150 Pack Biodegradable Disposable Plates ‚Äì 9‚Äù Brown Disposable Dinner Plates Made of Eco-Friendly, Natural Unbleached Sugarcane Bagasse, Microwavable Plates",https://www.amazon.com/dp/B0CTRXGFG7,$11.99
B0CFJYWBNY,"Stainless Steel Strainer | Set of 3 Kitchen Strainers Available Sizes (S,M,L) | Perfect Strainers for Kitchen Use | Mesh Strainer with Durable, Strainers fine Mesh for Tea, Pastas, Vegetables",https://www.amazon.com/dp/B0CFJYWBNY,$8.99
B0892GSVD6,SMELLS BEGONE Essential Oil Air Freshener Bathroom Spray - Eliminates Bathroom & Toilet Odors - Made with Essential Oils - Eucalyptus Mint Scent - 4 Ounces,https://www.amazon.com/dp/B0892GSVD6,$11.95
B0B7572YGV,"Silicone Spatula Turner, 4-Pack Spatulas 600¬∞F Heat Resistant Set for Nonstick Cookware, Kitchen Cooking Utensils BPA Free Rubber Egg, Crepe, Pancake,Burger,Fish",https://www.amazon.com/dp/B0B7572YGV,$17.99
B0CC25F4X1,"Reusable Stainless Steel Straws -16 Pack 10.5"" & 8.5"" Reusable Straws with 4 Straw Cleaner Brush and 16 Silicone Tips with 1 Travel Case, Eco Friendly Extra Long Metal Straws for 20 24 30 oz Tumbler",https://www.amazon.com/dp/B0CC25F4X1,$5.09
